{
  "EmployeeData": [
    {
      "id": 1,
      "FullName": "Sonik Kapadia",
      "Email": "sonik.kapadia@1rivet.com",
      "Mobile": "9429784101",
      "City": "Valsad",
      "Department": "Angular"
    },
    {
      "id": 2,
      "FullName": "Mitul Patel",
      "Email": "mitul.patel@1rivet.com",
      "Mobile": "9429784104",
      "City": "Valsad",
      "Department": "Angular"
    },
    {
      "id": 3,
      "FullName": "Khizar Shaikh",
      "Email": "khizar.shaikh@1rivet.com",
      "Mobile": "9429784105",
      "City": "Valsad",
      "Department": "Angular"
    },
    {
      "id": 4,
      "FullName": "Nitesh Sharma",
      "Email": "nitesh.sharma@1rivet.com",
      "Mobile": "9429784107",
      "City": "Valsad",
      "Department": "Angular"
    },
    {
      "id": 5,
      "FullName": "Ronak Patel",
      "Email": "ronak.patel@1rivet.com",
      "Mobile": "9429784109",
      "City": "Valsad",
      "Department": "Angular"
    },
    {
      "id": 6,
      "FullName": "Ketan prajapati",
      "Email": "ketan.prajapati@1rivet.com",
      "Mobile": "9429784108",
      "City": "Valsad",
      "Department": "DotNet"
    }
  ]
}